{
    "counter": {
        "ACTIVE": 592,
        "INACTIVE": 11,
        "INVALID": 0,
        "MALICIOUS": 0,
        "SANE": 0,
        "VALID": 0,
        "total": 603
    },
    "percentage": {
        "ACTIVE": 98.17578772802653,
        "INACTIVE": 1.9097222222222223,
        "INVALID": 0,
        "MALICIOUS": 0,
        "SANE": 0,
        "VALID": 0,
        "total": 100.08550995024876
    }
}